Model,Mean_RMSE,StdDev_RMSE
Random_Forest,182388.39601821703,1090.1141795436674
Bagging,182450.37950898963,1199.173513185612
Gradient_Boosting,189595.20933075523,1000.9131795095919
Linear_Regression,196088.94959268178,2268.911322204469
Lasso_Regression,196089.03009945626,2269.0311861789587
Ridge_Regression,196089.07912816587,2269.121629867255
Decision_Tree,245649.046376407,1520.1866215517052
