Model,Mean_RMSE,StdDev_RMSE
Bagging,182000.04053820256,1013.6433243555375
Random_Forest,182007.98436470967,935.2946891935
Gradient_Boosting,189464.0039619151,1021.7808342224163
Linear_Regression,196956.98785063354,3039.27370810358
Lasso_Regression,196957.1815096702,3039.6099052318255
Ridge_Regression,196957.5029542527,3040.125906829536
Decision_Tree,246198.42892926032,1933.2489263827492
